{"cameraMode":{"drawMode":0,"name":"Shaded","section":"Shading Mode"},"sceneLighting":false,"audioPlay":false,"sceneViewState":{"m_AlwaysRefresh":false,"showFog":true,"showSkybox":false,"showFlares":true,"showImageEffects":true,"showParticleSystems":true,"showVisualEffectGraphs":true,"m_FxEnabled":true},"in2DMode":false,"pivot":{"x":-3.663160562515259,"y":0.4375128746032715,"z":0.23032188415527345},"rotation":{"x":-0.24179041385650636,"y":0.0002882145927287638,"z":-0.00007204106805147603,"w":-0.9703322052955627},"size":4.651134014129639,"orthographic":false}