{"cameraMode":{"drawMode":0,"name":"Shaded","section":"Shading Mode"},"sceneLighting":true,"audioPlay":false,"sceneViewState":{"m_AlwaysRefresh":false,"showFog":true,"showSkybox":true,"showFlares":true,"showImageEffects":true,"showParticleSystems":true,"showVisualEffectGraphs":true,"m_FxEnabled":true},"in2DMode":false,"pivot":{"x":158.71539306640626,"y":355.01470947265627,"z":497.4693603515625},"rotation":{"x":-0.055167850106954578,"y":0.022759966552257539,"z":-0.0012577708112075925,"w":-0.9982231259346008},"size":615.8003540039063,"orthographic":false}